"ID","family_english","family_scientific","code","comment","order","order_id","taxonRank","taxonID","notes"
230,"Accentors","Prunellidae",,,"Passeriformes",40,"family","https://www.inaturalist.org/taxa/71358",
109,"African & New World Parrots","Psittacidae",,,"Psittaciformes",39,"family","https://www.inaturalist.org/taxa/18875",
103,"African Barbets","Lybiidae","PHY","African barbets (Lybiidae) are sisters to the New World barbets and toucans (Moyle 2004)","Piciformes",37,"family","https://www.inaturalist.org/taxa/200961",
60,"Albatrosses","Diomedeidae","TAX","The species taxonomy of albatrosses is controversial with advocates for 12 to 24 species (BLI, Tennyson 2010, SACC 388, Penhallurick 2012)","Procellariiformes",10,"family","https://www.inaturalist.org/taxa/67526",
76,"Anhingas, Darters","Anhingidae",,,"Suliformes",16,"family","https://www.inaturalist.org/taxa/5059",
115,"Antbirds","Thamnophilidae",,,"Passeriformes",40,"family","https://www.inaturalist.org/taxa/15726",
117,"Antpittas","Grallariidae","PHY","The antpittas (Grallariidae) are not closely related to the antthrushes (Formicariidae) and thus are treated as a separate family (Chesser 2004, Rice 2005, SACC)","Passeriformes",40,"family","https://www.inaturalist.org/taxa/200969",
116,"Antthrushes","Formicariidae",,,"Passeriformes",40,"family","https://www.inaturalist.org/taxa/9011",
102,"Asian Barbets","Megalaimidae","PHY","Asian barbets (Megalaimidae) are the basal outgroup to the African barbets and in turn the New World barbets and toucans (Moyle 2004)","Piciformes",37,"family","https://www.inaturalist.org/taxa/200962",
27,"Auks","Alcidae",,,"Charadriiformes",23,"family","https://www.inaturalist.org/taxa/71295",
59,"Austral Storm Petrels","Oceanitidae","TAX, PHY","The Oceanitidae and  Hydrobatidae are not sister taxa (Nunn & Stanley 1998; Penhallurick & Wink 2004, Hackett et al. 2008). Resequence Oceanitidae to precede Diomedeidae (H&M4)","Procellariiformes",10,"family","https://www.inaturalist.org/taxa/793435",
134,"Australasian Babblers","Pomatostomidae",,,"Passeriformes",40,"family","https://www.inaturalist.org/taxa/14488",
169,"Australasian Robins","Petroicidae",,,"Passeriformes",40,"family","https://www.inaturalist.org/taxa/14149",
128,"Australasian Treecreepers","Climacteridae",,,"Passeriformes",40,"family","https://www.inaturalist.org/taxa/7787",
133,"Australasian Warblers","Acanthizidae",,,"Passeriformes",40,"family","https://www.inaturalist.org/taxa/71292",
129,"Australasian Wrens","Maluridae",,,"Passeriformes",40,"family","https://www.inaturalist.org/taxa/12061",
165,"Australian Mudnesters","Corcoracidae",,,"Passeriformes",40,"family","https://www.inaturalist.org/taxa/71314",
156,"Australo-Papuan Bellbirds","Oreoicidae","PHY, TAX","DNA sequence studies separate Crested Bellbird, Crested Pitohui and Rufous-naped Whistler as a distinct monophyletic taxon distantly related to other corvoid families (Schodde & Christidis 2014)","Passeriformes",40,"family","https://www.inaturalist.org/taxa/367706",
200,"Babblers","Timaliidae",,,"Passeriformes",40,"family","https://www.inaturalist.org/taxa/71371",
33,"Barn Owls","Tytonidae",,,"Strigiformes",29,"family","https://www.inaturalist.org/taxa/20413",
183,"Bearded Reedling","Panuridae","PHY, SEQ","Bearded Reedling is not related to parrotbills, but is sister to the larks (Alaudidae) and in turn to the rest of the Sylvioidea (Ericson and Johansson 2003; Alström et al. 2006; Fuchs et al. 2006; Alström et al. 2013)","Passeriformes",40,"family","https://www.inaturalist.org/taxa/200978",
92,"Bee-eaters","Meropidae",,,"Coraciiformes",35,"family","https://www.inaturalist.org/taxa/2183",
137,"Berrypeckers, Longbills","Melanocharitidae",,,"Passeriformes",40,"family","https://www.inaturalist.org/taxa/12146",
168,"Birds-of-paradise","Paradisaeidae",,,"Passeriformes",40,"family","https://www.inaturalist.org/taxa/71348",
197,"Black-capped Donacobius","Donacobiidae","PHY","Donacobius is related to the Old World warblers,not wrens (Troglodytidae);  treated for now as a monotypic family Donacobiidae (Aleixo and Pacheco 2006; SACC 293) pending resolution of relationships to Megaluridae vs Bernieridae (Johansson et al 2008)","Passeriformes",40,"family","https://www.inaturalist.org/taxa/116376",
146,"Boatbills","Machaerirhynchidae","PHY","Boatbills may belong to the woodswallow - bushshrike assemblage with Peltops (Norman et al. 2009)","Passeriformes",40,"family","https://www.inaturalist.org/taxa/71332",
127,"Bowerbirds","Ptilonorhynchidae",,,"Passeriformes",40,"family","https://www.inaturalist.org/taxa/14495",
131,"Bristlebirds","Dasyornithidae",,,"Passeriformes",40,"family","https://www.inaturalist.org/taxa/71316",
148,"Bristlehead","Pityriaseidae",,,"Passeriformes",40,"family","https://www.inaturalist.org/taxa/793432","inaturalist > Pityriasidae"
112,"Broadbills","Eurylaimidae","PHY","The broadbills (family Eurylaimidae) include both the asities of Madagascar and Sapayoa of the New World, and together are the sister group to the pittas (Pittidae) (Irestedt et al. 2006; Moyle 2006a).","Passeriformes",40,"family","https://www.inaturalist.org/taxa/8945",
185,"Bulbuls","Pycnonotidae",,,"Passeriformes",40,"family","https://www.inaturalist.org/taxa/14556",
238,"Buntings, New World Sparrows and allies","Emberizidae",,,"Passeriformes",40,"family","https://www.inaturalist.org/taxa/559249",
145,"Bushshrikes","Malaconotidae",,,"Passeriformes",40,"family","https://www.inaturalist.org/taxa/71333",
193,"Bushtits","Aegithalidae","TAX, ENG","The Aegithalidae are not closely related to the true tits (Paridae) as once thought (Harrap 2008); hence IOC recommended use of distinguishing name ""bushtit"" rather than ""tit""","Passeriformes",40,"family","https://www.inaturalist.org/taxa/7264",
81,"Bustards","Otididae",,,"Otidiformes",18,"family","https://www.inaturalist.org/taxa/75",
9,"Buttonquail","Turnicidae","PHY","The buttonquails (Turnicidae) belong in the Charadriiformes, not the Gruiformes (Hackett et al. 2008)","Charadriiformes",23,"family","https://www.inaturalist.org/taxa/20863",
106,"Caracaras, Falcons","Falconidae","PHY, TAX","Expand Daptrius to include Milvago, Phalcoboenus and Ibycter (Fuchs et al 2015)","Falconiformes",38,"family","https://www.inaturalist.org/taxa/4637",
241,"Cardinals, Grosbeaks and allies","Cardinalidae",,,"Passeriformes",40,"family","https://www.inaturalist.org/taxa/71305",
46,"Cassowaries","Casuariidae",,,"Casuariiformes",4,"family","https://www.inaturalist.org/taxa/508252",
53,"Chachalacas, Curassows and Guans","Cracidae",,,"Galliformes",7,"family","https://www.inaturalist.org/taxa/2043",
220,"Chats, Old World Flycatchers (320)","Muscicapidae","PHY, TAX","See Sangster et al 2010, Zuccon & Ericson 2010 for revisions of Muscicapidae","Passeriformes",40,"family","https://www.inaturalist.org/taxa/12704",
199,"Cisticolas and allies","Cisticolidae",,,"Passeriformes",40,"family","https://www.inaturalist.org/taxa/7649",
108,"Cockatoos","Cacatuidae","TAX","Cockatoos are treated as a family (Christidis and Boles 2008, Joseph et al 2012)","Psittaciformes",39,"family","https://www.inaturalist.org/taxa/119157",
75,"Cormorants, Shags","Phalacrocoracidae","TAX","The genera of cormorants and the distinctions between ""shags"" and ""cormorants"" remain mostly unresolved due to conflicts among studies and missing taxa (Siegel-Causey 1988, Kennedy et al 2000, Christidis &  Boles 2008). See Kennedy & Spencer 2014 for revised classification under IOC review.","Suliformes",16,"family","https://www.inaturalist.org/taxa/4262",
122,"Cotingas","Cotingidae",,,"Passeriformes",40,"family","https://www.inaturalist.org/taxa/8659",
24,"Coursers, Pratincoles","Glareolidae",,,"Charadriiformes",23,"family","https://www.inaturalist.org/taxa/4590",
14,"Crab-plover","Dromadidae",,,"Charadriiformes",23,"family","https://www.inaturalist.org/taxa/71320",
7,"Cranes","Gruidae",,,"Gruiformes",22,"family","https://www.inaturalist.org/taxa/23",
120,"Crescentchests","Melanopareiidae","PHY, TAX","The crescentchests are not tapaculos, but a separate family Melanopareiidae that is one of four basal lineages of  furnariine suboscines  (Chesser 2004, Moyle et al. 2009)","Passeriformes",40,"family","https://www.inaturalist.org/taxa/200968",
188,"Crombecs, African Warblers","Macrosphenidae","TAX","See Fregin et al 2012 for formal proposal of Macrosphenidae, which Includes members of the Sphenoeacus group of Old World warblers separated by Johansson et al (2008)","Passeriformes",40,"family","https://www.inaturalist.org/taxa/144307",
164,"Crows, Jays","Corvidae",,,"Passeriformes",40,"family","https://www.inaturalist.org/taxa/7823",
86,"Cuckoo Roller","Leptosomidae","TAX","The correct spelling of this family name is Leptosomidae, not Leptosomatidae (Bock 1994)","Leptosomiformes",34,"family","https://www.inaturalist.org/taxa/2256",
32,"Cuckoos","Cuculidae",,,"Cuculiformes",28,"family","https://www.inaturalist.org/taxa/1627",
152,"Cuckooshrikes","Campephagidae",,,"Passeriformes",40,"family","https://www.inaturalist.org/taxa/71303",
221,"Dippers","Cinclidae",,,"Passeriformes",40,"family","https://www.inaturalist.org/taxa/7640",
63,"Diving Petrels","Pelecanoididae",,,"Procellariiformes",10,"family","https://www.inaturalist.org/taxa/4323","inaturalist > Pelecanidae"
161,"Drongos","Dicruridae",,,"Passeriformes",40,"family","https://www.inaturalist.org/taxa/71318",
51,"Ducks, Geese and Swans","Anatidae",,,"Anseriformes",6,"family","https://www.inaturalist.org/taxa/6912",
18,"Egyptian Plover","Pluvianidae","PHY, TAX","Move  Egyptian Plover (Pluvianus) from the Glareolidae to its own family tentatively named ""Pluvianidae"". It is a separate lineage that is the outgroup to plovers and their allies (Baker et al 2007, Hackett et al. 2008)","Charadriiformes",23,"family","https://www.inaturalist.org/taxa/339896",
209,"Elachuras","Elachuridae",,,"Passeriformes",40,"family","https://www.inaturalist.org/taxa/367707",
47,"Emu","Dromaiidae",,,"Casuariiformes",4,"family","https://www.inaturalist.org/taxa/71320","inaturalist > Dromadidae"
179,"Fairy Flycatchers","Stenostiridae","TAX","Stenostiridae includes Stenostira and Elminia from Incertae Sedis and Culicicapa from Muscicapidae (Barker et al. 2002, 2004; Beresford et al. 2005; Fuchs et al. 2006)","Passeriformes",40,"family","https://www.inaturalist.org/taxa/144306",
207,"Fairy-bluebirds","Irenidae",,,"Passeriformes",40,"family","https://www.inaturalist.org/taxa/12002",
162,"Fantails","Rhipiduridae",,,"Passeriformes",40,"family","https://www.inaturalist.org/taxa/71364",
160,"Figbirds, Orioles","Oriolidae","PHY, SEQ","see Jønsson et al 2010 for phylogenetic sequence of species","Passeriformes",40,"family","https://www.inaturalist.org/taxa/71343",
233,"Finches","Fringillidae","TAX,PHY","Classification of Fringillidae revised for v3.3; see especially Zuccon et al 2012","Passeriformes",40,"family","https://www.inaturalist.org/taxa/9079",
4,"Finfoots","Heliornithidae","PHY","The finfoots (Heliornithidae) and flufftails (Sarothruridae) are sister taxa (Hackett et al. 2008)","Gruiformes",22,"family","https://www.inaturalist.org/taxa/58",
65,"Flamingos","Phoenicopteridae",,,"Phoenicopteriformes",12,"family","https://www.inaturalist.org/taxa/4255",
223,"Flowerpeckers","Dicaeidae",,,"Passeriformes",40,"family","https://www.inaturalist.org/taxa/71317",
3,"Flufftails","Sarothruridae","PHY","The flufftails (Sarothruridae) and finfoots (Heliornithidae) are sister taxa (Hackett et al. 2008)","Gruiformes",22,"family","https://www.inaturalist.org/taxa/980121",
73,"Frigatebirds","Fregatidae",,,"Suliformes",16,"family","https://www.inaturalist.org/taxa/4628",
35,"Frogmouths","Podargidae","TAX","Recognition of the Asian frogmouths (Batrachosomus) vs Australasian frogmouths (Podargus) as separate families (Christidis and Boles 2008) requires equal consideration for Rigidipenna inexpectatus as a monotypic family (see Tree of Life)","Caprimulgiformes",30,"family","https://www.inaturalist.org/taxa/19685",
201,"Fulvettas, Ground Babblers","Pellorneidae","TAX","Major clade of babblers treated provisionally as the family Pellorneidae pending full revision","Passeriformes",40,"family","https://www.inaturalist.org/taxa/144310",
74,"Gannets, Boobies","Sulidae",,,"Suliformes",16,"family","https://www.inaturalist.org/taxa/3784",
212,"Gnatcatchers","Polioptilidae",,,"Passeriformes",40,"family","https://www.inaturalist.org/taxa/71355",
118,"Gnateaters","Conopophagidae",,,"Passeriformes",40,"family","https://www.inaturalist.org/taxa/7813",
208,"Goldcrests, Kinglets","Regulidae",,,"Passeriformes",40,"family","https://www.inaturalist.org/taxa/180354",
196,"Grassbirds and allies","Locustellidae","PHY, TAX","Locustellidae has priority over Megaluridae (Bock 1994, BOU); revised classification (v2.11 )includes  14 species transferred from Bradypterus ( Alström et al 2011a)","Passeriformes",40,"family","https://www.inaturalist.org/taxa/200984",
64,"Grebes","Podicipedidae",,,"Podicipediformes",11,"family","https://www.inaturalist.org/taxa/4203",
95,"Ground Hornbills","Bucorvidae","PHY, SEQ","The ground hornbills (Bucorvidae) and hornbills (Bucerotidae) and  are sister taxa related in turn to the hoopoes and wood hoopoes (Hackett et al. 2008). Classification follows Gonzalez et al. 2013a.","Bucerotiformes",36,"family","https://www.inaturalist.org/taxa/85648",
88,"Ground Rollers","Brachypteraciidae",,,"Coraciiformes",35,"family","https://www.inaturalist.org/taxa/2304",
54,"Guineafowl","Numididae",,,"Galliformes",7,"family","https://www.inaturalist.org/taxa/1426",
25,"Gulls, Terns and Skimmers","Laridae","PHY, TAX","The skimmers Rynchops and terns are embedded among the gulls in a monophyletic clade; separation of the families Rynchopidae and Sternidae would render the gull family Laridae paraphyletic relative to these other two groups (Baker et al. 2008)","Charadriiformes",23,"family","https://www.inaturalist.org/taxa/4342",
70,"Hamerkop","Scopidae",,,"Pelecaniformes",15,"family","https://www.inaturalist.org/taxa/3832",
69,"Herons, Bitterns","Ardeidae","PHY","The herons (Ardeidae) and ibises,spoonbills (Threskiornithidae) are sister taxa in the Order Pelecaniformes (Hackett et al. 2008)","Pelecaniformes",15,"family","https://www.inaturalist.org/taxa/4929",
30,"Hoatzin","Opisthocomidae",,,"Opisthocomiformes",26,"family","https://www.inaturalist.org/taxa/1624",
130,"Honeyeaters","Meliphagidae","PHY, TAX","Remove Moho to Mohoidae and Notiomystis to Notiomystidae. Revised classification (3.4) of genera and breakup of Lichenostomus follows Nyári & Joseph (2011).","Passeriformes",40,"family","https://www.inaturalist.org/taxa/12160",
104,"Honeyguides","Indicatoridae","PHY","Honeyguides (Indicatoridae) and woodpeckers (Picidae) are sister families (Hackett et al. 2008)","Piciformes",37,"family","https://www.inaturalist.org/taxa/17551",
93,"Hoopoes","Upupidae","PHY","The hoopoes (Upupidae) and wood hoopoes (Phoeniculidae) are sister taxa related in turn to the hornbills (Hackett et al. 2008)","Bucerotiformes",36,"family","https://www.inaturalist.org/taxa/20967",
96,"Hornbills","Bucerotidae","PHY","The hornbills (Bucerotidae) and ground hornbills (Bucorvidae) are sister taxa related in turn to the hoopoes and wood hoopoes (Hackett et al. 2008)","Bucerotiformes",36,"family","https://www.inaturalist.org/taxa/5438",
42,"Hummingbirds","Trochilidae",,,"Apodiformes",31,"family","https://www.inaturalist.org/taxa/5562",
210,"Hyliotas","Hyliotidae","PHY","Move Hyliotas from the Sylviidae to their own family Hyliotidae, a basal lineage of the Passerida without known modern relatives (Fuchs et al 2006; TOL)","Passeriformes",40,"family","https://www.inaturalist.org/taxa/200986",
178,"Hylocitrea","Hylocitreidae",,,"Passeriformes",40,"family","https://www.inaturalist.org/taxa/200989",
175,"Hypocolius","Hypocoliidae","TAX","Separate Grey Hypocolius as monotypic family Hypocoliidae to be consistent with treatment of other enigmatic waxwing relatives","Passeriformes",40,"family","https://www.inaturalist.org/taxa/200990",
15,"Ibisbill","Ibidorhynchidae",,,"Charadriiformes",23,"family","https://www.inaturalist.org/taxa/71330",
68,"Ibises, Spoonbills","Threskiornithidae","PHY","Ibises and spoonbills (Threskiornithidae) and herons (Ardeidae) are sister taxa in the Order Pelecaniformes (Hackett et al. 2008)","Pelecaniformes",15,"family","https://www.inaturalist.org/taxa/3727",
167,"Ifrita","Ifritidae",,,"Passeriformes",40,"family","https://www.inaturalist.org/taxa/512109",
228,"Indigobirds, Whydahs","Viduidae",,,"Passeriformes",40,"family","https://www.inaturalist.org/taxa/68491",
151,"Ioras","Aegithinidae",,,"Passeriformes",40,"family","https://www.inaturalist.org/taxa/71294",
97,"Jacamars","Galbulidae","PHY","The jacamars (Galbulidae) and puffbirds (Bucconidae) are well-established sister taxa (SACC,Hackett et al. 2008), with evidence favoring inclusion in the Piciformes, rather than a separate Order Galbuliformes (TOL, Ericson et al. 2006; cf SACC, Fain & Hou","Piciformes",37,"family","https://www.inaturalist.org/taxa/1454",
20,"Jacanas","Jacanidae",,,"Charadriiformes",23,"family","https://www.inaturalist.org/taxa/4574",
1,"Kagu","Rhynochetidae","PHY","The Kagu (Rhynochetidae) and Sunbittern (Eurypygidae) are sister taxa (Hackett et al. 2008).","Eurypygiformes",21,"family","https://www.inaturalist.org/taxa/570",
89,"Kingfishers","Alcedinidae","TAX","The kingfishers (Alcedinidae) comprise three monophyletic clades (Alcedininae, Cerylinae, and Daceloninae) (Moyle 2006); some taxonomists elevate them to family status (Sibley and Monroe 1990, Christidis and Boles 2008)","Coraciiformes",35,"family","https://www.inaturalist.org/taxa/2314",
80,"Kites, Hawks and Eagles","Accipitridae","TAX,PHY","Classification of Accipitridae revised v3.3; see especially Wink & Sauer-Gürth 2004, Lerner & Mindell 2005, TIF)","Accipitriformes",17,"family","https://www.inaturalist.org/taxa/5067",
48,"Kiwis","Apterygidae","PHY","Kiwis and elephant birds (Dinornis) are sister taxa (Mitchell et al 2014).","Apterygiformes",5,"family","https://www.inaturalist.org/taxa/20488",
184,"Larks","Alaudidae",,,"Passeriformes",40,"family","https://www.inaturalist.org/taxa/7284",
202,"Laughingthrushes","Leiothrichidae","TAX","Major clade of babblers treated provisionally as the family Leiothrichidae pending full revision","Passeriformes",40,"family","https://www.inaturalist.org/taxa/980192",
194,"Leaf Warblers and allies","Phylloscopidae","TAX","Many species of Phylloscopus leaf warblers belong in Seicercus (Johansson et al. 2007, Olsson et al. 2005 Boyd TiF website), but we await the results of a new multilocus analysis of the structure of the Phylloscopidae now underway (Alstrom)","Passeriformes",40,"family","https://www.inaturalist.org/taxa/200982",
222,"Leafbirds","Chloropseidae",,,"Passeriformes",40,"family","https://www.inaturalist.org/taxa/71310",
8,"Limpkin","Aramidae",,,"Gruiformes",22,"family","https://www.inaturalist.org/taxa/5",
135,"Logrunners","Orthonychidae",,,"Passeriformes",40,"family","https://www.inaturalist.org/taxa/13453",
240,"Longspurs, Snow Buntings","Calcariidae","TAX, SEQ","Move longspurs Calcarius and snow buntings Plectrophenax from Emberizidae to their own family Calcariidae (Alström et al 2008)","Passeriformes",40,"family","https://www.inaturalist.org/taxa/200991",
57,"Loons","Gaviidae",,,"Gaviiformes",8,"family","https://www.inaturalist.org/taxa/4619",
125,"Lyrebirds","Menuridae",,,"Passeriformes",40,"family","https://www.inaturalist.org/taxa/12697",
12,"Magellanic Plover","Pluvianellidae","TAX","The Magellanic Plover (Pluvianellus) is most closely related to the sheathbills (Chionidae) (REF).","Charadriiformes",23,"family","https://www.inaturalist.org/taxa/200959",
50,"Magpie Goose","Anseranatidae",,,"Anseriformes",6,"family","https://www.inaturalist.org/taxa/85585",
198,"Malagasy Warblers","Bernieridae",,,"Passeriformes",40,"family","https://www.inaturalist.org/taxa/144309",
123,"Manakins","Pipridae",,,"Passeriformes",40,"family","https://www.inaturalist.org/taxa/14221",
52,"Megapodes","Megapodiidae",,,"Galliformes",7,"family","https://www.inaturalist.org/taxa/2017",
166,"Melampittas","Melampittidae","PHY, TAX","Melampittas are related to birds-of-paradise and Australian mudnesters (Jønsson et al. 2011; Aggerbeck et al 2014, Schodde & Christidis 2014). Move melampittas from Incertae sedis to new family Melampittidae","Passeriformes",40,"family","https://www.inaturalist.org/taxa/509332",
82,"Mesites","Mesitornithidae",,,"Mesitornithiformes",19,"family","https://www.inaturalist.org/taxa/69",
216,"Mockingbirds, Thrashers","Mimidae",,,"Passeriformes",40,"family","https://www.inaturalist.org/taxa/59911",
163,"Monarchs","Monarchidae",,,"Passeriformes",40,"family","https://www.inaturalist.org/taxa/71338",
91,"Motmots","Momotidae",,,"Coraciiformes",35,"family","https://www.inaturalist.org/taxa/2122",
150,"Mottled Berryhunter","Rhagologidae",,,"Passeriformes",40,"family","https://www.inaturalist.org/taxa/508096",
84,"Mousebirds","Coliidae",,,"Coliiformes",32,"family","https://www.inaturalist.org/taxa/3687",
99,"New World Barbets","Capitonidae","PHY","Toucans and New World barbets are sister taxa  (Moyle 2004, SACC 7) elevated to separate families to reflect their phylogeny (NACC 2010)","Piciformes",37,"family","https://www.inaturalist.org/taxa/200963",
55,"New World Quail","Odontophoridae",,,"Galliformes",7,"family","https://www.inaturalist.org/taxa/1278",
77,"New World Vultures","Cathartidae","TAX","SACC 361 elevates the New World Vultures (Cathartidae) to a separate order, the Cathartiformes","Accipitriformes",17,"family","https://www.inaturalist.org/taxa/71306",
234,"New World Warblers","Parulidae","PHY, TAX","Genera and species sequences follow Lovette et al 2010 and AOU/NACC 2011 (supplement)","Passeriformes",40,"family","https://www.inaturalist.org/taxa/71349",
107,"New Zealand Parrots","Strigopidae","PHY, TAX","The New Zealand parrots (Strigops, Nestor) are an ancient, basal lineage that is sister to all other parrots (Psittacidae).","Psittaciformes",39,"family","https://www.inaturalist.org/taxa/200965",
139,"New Zealand Wattlebirds","Callaeidae","TAX, ENG","Correct spelling of family name is ""Callaeidae"", not ""Callaeatidae"" (Bock 1994, H&M Corrigenda); Change family name to New Zealand Wattlebirds per NZ Checklist Committee, B.J. Gill (Convener) 2010","Passeriformes",40,"family","https://www.inaturalist.org/taxa/200973",
111,"New Zealand Wrens","Acanthisittidae","PHY","New Zealand wrens are sister to the rest of the Passeriformes","Passeriformes",40,"family","https://www.inaturalist.org/taxa/7252",
182,"Nicators","Nicatoridae","PHY, SEQ","Move Nicator species from Incertae Sedis to Nicatoridae, which aligns with Alaudidae and Panuridae to form a basal trichotomy that is sister of the rest of the sylvioids (Beresford et al 2005, Johansson et al 2008)","Passeriformes",40,"family","https://www.inaturalist.org/taxa/200979",
38,"Nightjars","Caprimulgidae","PHY","The eared nightjars Eurostopodus are the sister taxon to rest of the Caprimulgidae (Barrowclough et al 2006, Larsen et al. 2007), but they are not equivalent in rank to other families in the Caprimulgiformes.","Caprimulgiformes",30,"family","https://www.inaturalist.org/taxa/19376",
61,"Northern Storm Petrels","Hydrobatidae","PHY, SEQ","The Oceanitidae and  Hydrobatidae are not sister taxa (Nunn & Stanley 1998; Penhallurick & Wink 2004, Hackett et al. 2008).","Procellariiformes",10,"family","https://www.inaturalist.org/taxa/71326",
213,"Nuthatches","Sittidae",,,"Passeriformes",40,"family","https://www.inaturalist.org/taxa/14799",
36,"Oilbird","Steatornithidae",,,"Caprimulgiformes",30,"family","https://www.inaturalist.org/taxa/19725",
110,"Old World Parrots","Psittaculidae",,,"Psittaciformes",39,"family","https://www.inaturalist.org/taxa/367704",
225,"Old World Sparrows, Snowfinches","Passeridae",,,"Passeriformes",40,"family","https://www.inaturalist.org/taxa/13685",
229,"Olive Warbler","Peucedramidae","PHY, SEQ","Olive Warbler Peucedramus of New World most closely related to accentors (Prunellidae) (Ericson and Johansson 2003, Jønsson  and Fjeldså 2006)","Passeriformes",40,"family","https://www.inaturalist.org/taxa/71351",
177,"Oos","Mohoidae","PHY, SEQ","Species of Moho are related to waxwings (Bombycillidae), not to honeyeaters (Meliphagidae) (Fleischer et al. 2008)","Passeriformes",40,"family","https://www.inaturalist.org/taxa/71337",
236,"Oropendolas, Orioles and Blackbirds","Icteridae","PHY, TAX","Icteridae classification follows Powell et al 2014","Passeriformes",40,"family","https://www.inaturalist.org/taxa/11989",
79,"Ospreys","Pandionidae","TAX","RESTORE: Ospreys to the family Pandionidae in accord with the Tree of Life phylogeny (Hackett et al. 2008)","Accipitriformes",17,"family","https://www.inaturalist.org/taxa/200958",
44,"Ostriches","Struthionidae",,,"Struthioniformes",2,"family","https://www.inaturalist.org/taxa/20523",
114,"Ovenbirds","Furnariidae","TAX","The ovenbird family Furnariidae includes the phylogenetically embedded woodcreepers, formerly separated as the family Dendrocolaptidae (SACC 132)","Passeriformes",40,"family","https://www.inaturalist.org/taxa/10732",
39,"Owlet-nightjars","Aegothelidae","PHY","The owlet-nightjars (Aegothelidae) are the sister taxon to treeswifts and in turn to the swifts and hummingbirds; hence are included in the Apodiformes (Hackett et al. 2008, Christidis and Boles 2008)","Apodiformes",31,"family","https://www.inaturalist.org/taxa/19351",
34,"Owls","Strigidae",,,"Strigiformes",29,"family","https://www.inaturalist.org/taxa/19728",
218,"Oxpeckers","Buphagidae","PHY","Separate the oxpeckers from the Sturnidae to the Buphagidae; they are sister to the starlings (Mimidae) and mockingbirds (Mimidae) (Lovette and Rubenstein 2007)","Passeriformes",40,"family","https://www.inaturalist.org/taxa/200987",
13,"Oystercatchers","Haematopodidae",,,"Charadriiformes",23,"family","https://www.inaturalist.org/taxa/71325",
138,"Painted Berrypeckers","Paramythiidae","PHY","Separate the painted berrypeckers (Oreocharis and Paramythia) from the Melanocharitidae to the Paramythiidae  (Barker et al 2004; HBW)","Passeriformes",40,"family","https://www.inaturalist.org/taxa/200972",
19,"Painted-snipes","Rostratulidae",,,"Charadriiformes",23,"family","https://www.inaturalist.org/taxa/3995",
176,"Palmchat","Dulidae",,,"Passeriformes",40,"family","https://www.inaturalist.org/taxa/71321",
132,"Pardalotes","Pardalotidae",,,"Passeriformes",40,"family","https://www.inaturalist.org/taxa/13462",
72,"Pelicans","Pelecanidae",,,"Pelecaniformes",15,"family","https://www.inaturalist.org/taxa/4323",
181,"Penduline Tits","Remizidae",,,"Passeriformes",40,"family","https://www.inaturalist.org/taxa/71362",
58,"Penguins","Spheniscidae",,,"Sphenisciformes",9,"family","https://www.inaturalist.org/taxa/3806",
62,"Petrels, Shearwaters","Procellariidae",,,"Procellariiformes",10,"family","https://www.inaturalist.org/taxa/4020",
56,"Pheasants and allies","Phasianidae",,,"Galliformes",7,"family","https://www.inaturalist.org/taxa/574",
29,"Pigeons, Doves","Columbidae",,,"Columbiformes",25,"family","https://www.inaturalist.org/taxa/2715",
113,"Pittas","Pittidae",,,"Passeriformes",40,"family","https://www.inaturalist.org/taxa/14373",
21,"Plains-wanderer","Pedionomidae",,,"Charadriiformes",23,"family","https://www.inaturalist.org/taxa/4339",
17,"Plovers","Charadriidae",,,"Charadriiformes",23,"family","https://www.inaturalist.org/taxa/4783",
37,"Potoos","Nyctibiidae",,,"Caprimulgiformes",30,"family","https://www.inaturalist.org/taxa/19664",
232,"Przevalski's Finch","Urocynchramidae",,,"Passeriformes",40,"family","https://www.inaturalist.org/taxa/71373",
98,"Puffbirds","Bucconidae","PHY","The jacamars (Galbulidae) and puffbirds (Bucconidae) are well-established sister taxa (SACC,Hackett et al. 2008), with evidence favoring inclusion in the Piciformes, rather than a separate Order Galbuliformes (TOL, Ericson et al. 2006; cf SACC, Fain & Hou","Piciformes",37,"family","https://www.inaturalist.org/taxa/1505",
172,"Rail-babbler","Eupetidae","PHY, SEQ","Restrict Eupetidae to Rail-babbler Eupetes; resequence as sister to Chaetops and in turn to Picathartes (Jønsson et al. 2007)","Passeriformes",40,"family","https://www.inaturalist.org/taxa/71323",
5,"Rails, Crakes and Coots","Rallidae",,,"Gruiformes",22,"family","https://www.inaturalist.org/taxa/154",
195,"Reed Warblers and allies","Acrocephalidae",,,"Passeriformes",40,"family","https://www.inaturalist.org/taxa/200983",
45,"Rheas","Rheidae",,,"Rheiformes",3,"family","https://www.inaturalist.org/taxa/20510",
170,"Rockfowl","Picathartidae","PHY","Rockfowl, rockjumpers, and rail-babbler form an ancient clade that is sister to the Petroica and in turn to the Passerida (Jønsson et al. 2007)","Passeriformes",40,"family","https://www.inaturalist.org/taxa/14214",
171,"Rockjumpers","Chaetopidae",,,"Passeriformes",40,"family","https://www.inaturalist.org/taxa/200977",
87,"Rollers","Coraciidae",,,"Coraciiformes",35,"family","https://www.inaturalist.org/taxa/2262",
28,"Sandgrouse","Pteroclidae",,,"Pterocliformes",24,"family","https://www.inaturalist.org/taxa/200960",
23,"Sandpipers, Snipes","Scolopacidae",,,"Charadriiformes",23,"family","https://www.inaturalist.org/taxa/3835",
136,"Satinbirds","Cnemophilidae",,,"Passeriformes",40,"family","https://www.inaturalist.org/taxa/71312",
49,"Screamers","Anhimidae",,,"Anseriformes",6,"family","https://www.inaturalist.org/taxa/6906",
126,"Scrubbirds","Atrichornithidae",,,"Passeriformes",40,"family","https://www.inaturalist.org/taxa/7417",
78,"Secretarybird","Sagittariidae","TAX","RESTORE: Secretarybird to a monotypic family Sagittariidae in accord with the Tree of Life phylogeny (Hackett et al. 2008)","Accipitriformes",17,"family","https://www.inaturalist.org/taxa/200957",
22,"Seedsnipes","Thinocoridae",,,"Charadriiformes",23,"family","https://www.inaturalist.org/taxa/3777",
83,"Seriemas","Cariamidae",,,"Cariamiformes",20,"family","https://www.inaturalist.org/taxa/12",
11,"Sheathbills","Chionidae",,,"Charadriiformes",23,"family","https://www.inaturalist.org/taxa/71309",
71,"Shoebill","Balaenicipitidae",,,"Pelecaniformes",15,"family","https://www.inaturalist.org/taxa/71297",
158,"Shrikes","Laniidae",,,"Passeriformes",40,"family","https://www.inaturalist.org/taxa/12015",
174,"Silky-flycatchers","Ptiliogonatidae","TAX","Follow AOU 1998 in recognizing silky flycatchers as a separate family Ptiliogonatidae. Change spelling to follow original spelling of genus Ptiliogonys.","Passeriformes",40,"family","https://www.inaturalist.org/taxa/367708",
154,"Sittellas","Neosittidae",,,"Passeriformes",40,"family","https://www.inaturalist.org/taxa/71340",
26,"Skuas","Stercorariidae",,,"Charadriiformes",23,"family","https://www.inaturalist.org/taxa/71367",
217,"Starlings, Rhabdornis","Sturnidae","TAX","Includes major revisions of genera by Lovette et al (2008), Zuccon et al (2008)","Passeriformes",40,"family","https://www.inaturalist.org/taxa/14841",
16,"Stilts, Avocets","Recurvirostridae",,,"Charadriiformes",23,"family","https://www.inaturalist.org/taxa/71361",
140,"Stitchbird","Notiomystidae","PHY","Stitchbird is related to the wattled crows of New Zealand, not to honeyeaters (Meliphagidae) (Driskell et al 2007)","Passeriformes",40,"family","https://www.inaturalist.org/taxa/200974",
10,"Stone-curlews, Thick-knees","Burhinidae",,,"Charadriiformes",23,"family","https://www.inaturalist.org/taxa/4917",
67,"Storks","Ciconiidae",,,"Ciconiiformes",14,"family","https://www.inaturalist.org/taxa/4730",
190,"Streaked Scrub Warbler","Scotocercidae",,,"Passeriformes",40,"family","https://www.inaturalist.org/taxa/565338",
206,"Sugarbirds","Promeropidae",,,"Passeriformes",40,"family","https://www.inaturalist.org/taxa/71357",
224,"Sunbirds","Nectariniidae",,,"Passeriformes",40,"family","https://www.inaturalist.org/taxa/13273",
2,"Sunbittern","Eurypygidae",,,"Eurypygiformes",21,"family","https://www.inaturalist.org/taxa/17",
186,"Swallows, Martins","Hirundinidae",,,"Passeriformes",40,"family","https://www.inaturalist.org/taxa/11853",
41,"Swifts","Apodidae",,,"Apodiformes",31,"family","https://www.inaturalist.org/taxa/6544",
203,"Sylviid Babblers","Sylviidae","TAX","Major clade of babblers treated provisionally as the family Sylviidae pending full revision","Passeriformes",40,"family","https://www.inaturalist.org/taxa/15050",
239,"Tanagers and allies","Thraupidae",,,"Passeriformes",40,"family","https://www.inaturalist.org/taxa/71369",
119,"Tapaculos","Rhinocryptidae",,,"Passeriformes",40,"family","https://www.inaturalist.org/taxa/14732",
219,"Thrushes","Turdidae",,,"Passeriformes",40,"family","https://www.inaturalist.org/taxa/15977",
43,"Tinamous","Tinamidae",,,"Tinamiformes",1,"family","https://www.inaturalist.org/taxa/20531",
180,"Tits, Chickadees","Paridae","PHY, TAX","Revised classification follows Johansson et al 2013; see also Tietze & Borthakur 2012","Passeriformes",40,"family","https://www.inaturalist.org/taxa/13547",
124,"Tityras, Becards","Tityridae","PHY","The genera placed in the family Tityridae are more closely related to the manakins (Pipridae) than to the cotingas (Cotingidae) (Chesser 2004, Barber and Rice 2007, SACC)","Passeriformes",40,"family","https://www.inaturalist.org/taxa/200971",
90,"Todies","Todidae",,,"Coraciiformes",35,"family","https://www.inaturalist.org/taxa/2115",
100,"Toucan Barbets","Semnornithidae",,,"Piciformes",37,"family","https://www.inaturalist.org/taxa/200964",
101,"Toucans","Ramphastidae",,,"Piciformes",37,"family","https://www.inaturalist.org/taxa/18485",
215,"Treecreepers","Certhiidae",,,"Passeriformes",40,"family","https://www.inaturalist.org/taxa/7448",
40,"Treeswifts","Hemiprocnidae",,,"Apodiformes",31,"family","https://www.inaturalist.org/taxa/6526",
85,"Trogons","Trogonidae","SEQ","Sequence of New World trogons follows AOU in accord with DaCosta and Klicka (2008) and Moyle (2005)","Trogoniformes",33,"family","https://www.inaturalist.org/taxa/20716",
66,"Tropicbirds","Phaethontidae",,,"Phaethontiformes",13,"family","https://www.inaturalist.org/taxa/4312",
6,"Trumpeters","Psophiidae","PS","Proposed revision of trumpeter species taxonomy under review (Ribas et al 2012, SACC 607)","Gruiformes",22,"family","https://www.inaturalist.org/taxa/142",
31,"Turacos","Musophagidae",,,"Musophagiformes",27,"family","https://www.inaturalist.org/taxa/7194",
121,"Tyrant Flycatchers","Tyrannidae",,,"Passeriformes",40,"family","https://www.inaturalist.org/taxa/980017",
147,"Vangas","Vangidae",,,"Passeriformes",40,"family","https://www.inaturalist.org/taxa/71374",
159,"Vireos, Greenlets","Vireonidae","TAX","Vireonidae includes Erpornis and Pteruthius (Reddy and Cracraft 2007, Reddy 2008)","Passeriformes",40,"family","https://www.inaturalist.org/taxa/17354",
231,"Wagtails, Pipits","Motacillidae",,,"Passeriformes",40,"family","https://www.inaturalist.org/taxa/71339",
214,"Wallcreeper","Tichodromidae",,,"Passeriformes",40,"family","https://www.inaturalist.org/taxa/200980",
142,"Wattle-eyes, Batises","Platysteiridae",,,"Passeriformes",40,"family","https://www.inaturalist.org/taxa/68490",
227,"Waxbills, Munias and allies","Estrildidae",,,"Passeriformes",40,"family","https://www.inaturalist.org/taxa/71322",
173,"Waxwings","Bombycillidae",,,"Passeriformes",40,"family","https://www.inaturalist.org/taxa/7423",
226,"Weavers, Widowbirds","Ploceidae",,,"Passeriformes",40,"family","https://www.inaturalist.org/taxa/71354",
141,"Whipbirds, Jewel-babblers and Quail-thrushes","Psophodidae","TAX, SEQ","Psophodidae provisionally includes Ptilorrhoa and Cinclosoma formerly in Eupetidae following Christidis and Boles (2008); should be separated to the Cinclosomatidae (Norman et al 2009)","Passeriformes",40,"family","https://www.inaturalist.org/taxa/200975",
157,"Whistlers and allies","Pachycephalidae","PHY,TAX","Its composition in flux, Pachycephalidae includes Colluricincla, but excludes Oreoica (Oreoicidae), Rhagologus (Rhagologidae), and Pitohui sensu stricto (Oriolidae) (Jønsson et al 2008, Dumbacher 2008); also remove Hylocitrea, a bombycillid (Spellman et al. 2008). Falcunculus is a questionable member of Pachycephalidae (Zuccon & Ericson, 2012)","Passeriformes",40,"family","https://www.inaturalist.org/taxa/71345",
204,"White-eyes","Zosteropidae","PHY, TAX","White-eyes constitute a major clade of babblers that includes Yuhina (Cibois et al. 2003); retain as family Zosteropidae pending full revision of babbler taxa","Passeriformes",40,"family","https://www.inaturalist.org/taxa/17438",
153,"Whiteheads","Mohouidae","PHY, TAX","Change status of Mohoua species (including Finschia) from Incertae sedis to follow Campephagidae as a monophyletic family in core Corvoidea (Aidala et al 2013)","Passeriformes",40,"family","https://www.inaturalist.org/taxa/367705",
94,"Wood Hoopoes","Phoeniculidae","PHY","The hoopoes (Upupidae) and wood hoopoes (Phoeniculidae) are sister taxa related in turn to the hornbills (Hackett et al. 2008)","Bucerotiformes",36,"family","https://www.inaturalist.org/taxa/20932",
105,"Woodpeckers","Picidae",,,"Piciformes",37,"family","https://www.inaturalist.org/taxa/17599",
149,"Woodswallows, butcherbirds and allies","Artamidae","PHY, TAX, SEQ","Artamidae includes previous Cracticidae. Woodswallows, butcherbirds and Peltops are equidistant (subfamily) lineages in one monophyletic cluster (Norman et al. 2009b, Jønsson et al. 2010, Jønsson et al. 2011, Aggerbeck et al. 2014, Schodde & Christidis 2014, J Fjeldsa comm.)","Passeriformes",40,"family","https://www.inaturalist.org/taxa/71296",
187,"Wren-babblers","Pnoepygidae","TAX","Pnoepyga wren-babblers are not babblers and elevated to their own family (Gelang et al. 2009)","Passeriformes",40,"family","https://www.inaturalist.org/taxa/200981",
211,"Wrens","Troglodytidae",,,"Passeriformes",40,"family","https://www.inaturalist.org/taxa/15964",
